[
    {
        "id": 12345,
        "name":"Shradha",
        "email": "shradha@gmail.com",
        "phone": 3546783892
    },{
        "id": 12346,
        "name":"Gaurav",
        "email": "gaurav@gmail.com",
        "phone": 6589234012
    },{
        "id": 12347,
        "name":"Radha",
        "email": "radha@gmail.com",
        "phone": 5436792561
    },{
        "id": 12348,
        "name":"Raima",
        "email": "raima@gmail.com",
        "phone": 5438902464
    },{
        "id": 12349,
        "name":"Surabh",
        "email": "saurabh@gmail.com",
        "phone": 7890215678
    },{
        "id": 12350,
        "name":"Rahul",
        "email": "rahul@gmail.com",
        "phone": 6890234567
    },{
        "id": 12351,
        "name": "Geeta",
        "email": "geeta@gmail.com",
        "phone": 5678920123
    }
]