<?xml version="1.0" encoding="UTF-8"?>
<beans xmlns="http://www.springframework.org/schema/beans"
    xmlns:xsi="http://www.w3.org/2001/XMLSchema-instance"
    xsi:schemaLocation="
        http://www.springframework.org/schema/beans http://www.springframework.org/schema/beans/spring-beans.xsd">
  
  <!-- To import another xml file -->
  <import resource="departmentConfig.xml" />
  <bean id="employee" class="com.capgemini.springcore.beans.EmployeeBean" autowire="constructor">
		<constructor-arg name="empId" value="101" />
		<constructor-arg name="empName" value="Karan" />
	</bean>
	
	<!-- <bean id="dev" class="com.capgemini.springcore.beans.DepartmentBean">
		<property name="deptId" value="9010" />
		<property name="deptName" value="Developer" />
	</bean>
	<bean id="hr" class="com.capgemini.springcore.beans.DepartmentBean">
		<property name="deptId" value="9011" />
		<property name="deptName" value="HR" />
	</bean> -->
 </beans>