<?xml version="1.0" encoding="UTF-8"?>
<beans xmlns="http://www.springframework.org/schema/beans"
    xmlns:xsi="http://www.w3.org/2001/XMLSchema-instance"
    xsi:schemaLocation="
        http://www.springframework.org/schema/beans http://www.springframework.org/schema/beans/spring-beans.xsd">
	<!-- To make bean qualified to autowire -->
	<bean id="employee" class="com.capgemini.springcore.beans.EmployeeBean" autowire="byType">
		<property name="empId" value="101" />
		<property name="empName" value="Karan" />
	</bean>
	<bean id="dev" class="com.capgemini.springcore.beans.DepartmentBean" primary="true">
		<property name="deptId" value="123" />
		<property name="deptName" value="Developer" />
	</bean>
	<bean id="test" class="com.capgemini.springcore.beans.DepartmentBean" autowire-candidate="false">
		<property name="deptId" value="124" />
		<property name="deptName" value="Testing" />
	</bean>
	<bean id="hr" class="com.capgemini.springcore.beans.DepartmentBean" autowire-candidate="false">
		<property name="deptId" value="125" />
		<property name="deptName" value="HR" />
	</bean>
	<bean id="account" class="com.capgemini.springcore.beans.DepartmentBean">
		<property name="deptId" value="126" />
		<property name="deptName" value="Account" />
	</bean>
</beans>