<?xml version="1.0" encoding="UTF-8"?>
<beans xmlns="http://www.springframework.org/schema/beans"
    xmlns:xsi="http://www.w3.org/2001/XMLSchema-instance"
    xsi:schemaLocation="
        http://www.springframework.org/schema/beans http://www.springframework.org/schema/beans/spring-beans.xsd">
	<!-- Configuration for set -->
	    <bean id="medicine" class="com.capgemini.springcore.annotations.beans.Medicine">
    	<property name="name" value="Crocin 650" />
    	<property name="price" value="50.89" />
    	<property name="type" value="Allopathic" />
    	<property name="drugsSet">
    		<set>
    			<value>Abc101</value>
    			<value>Paracetamol</value>
    			<value>Xyz201</value>
    		</set>
    	</property>
    </bean>    
	
	<!-- Configuration for list -->
<!--     <bean id="medicine" class="com.capgemini.springcore.annotations.beans.Medicine">
    	<property name="name" value="Crocine" />
    	<property name="price" value="50.89" />
    	<property name="type" value="Allopathic" />
    	<property name="drugs">
    		<list>
    			<value>Abc1</value>
    			<value>Paracetamol</value>
    			<value>Xyz2</value>
    		</list>
    	</property>
    </bean>     -->
        
</beans>