<?xml version="1.0" encoding="UTF-8"?>
<beans xmlns="http://www.springframework.org/schema/beans"
    xmlns:xsi="http://www.w3.org/2001/XMLSchema-instance"
    xsi:schemaLocation="
        http://www.springframework.org/schema/beans http://www.springframework.org/schema/beans/spring-beans.xsd">
     
     <!--using ref  -->
     <!-- <bean id="mobile" class="com.capgemini.springcore.beans.MobileBean">
     	<property name="brandName" value="Redmi" />
     	<property name="modelName" value="Note 7 Pro" />
     	<property name="price" value="14000" />
     	<property name="mobileDisplay" ref="display" />
     </bean>  
     
     <bean id="display" class="com.capgemini.springcore.beans.MobileDisplayBean">
     	<property name="displaySize" value="30" />
     	<property name="resolution" value="5.5" />
     </bean> -->
     
     <!-- using byName -->
     <!-- <bean id="mobile" class="com.capgemini.springcore.beans.MobileBean" autowire="byName">
     	<property name="brandName" value="Redmi" />
     	<property name="modelName" value="Note 7 Pro" />
     	<property name="price" value="14000" />
     </bean>  
     
     <bean id="mobileDisplay" class="com.capgemini.springcore.beans.MobileDisplayBean">
     	<property name="displaySize" value="30" />
     	<property name="resolution" value="5.5" />
     </bean> -->
     
    <!-- using byType -->
    <bean id="mobile" class="com.capgemini.springcore.beans.MobileBean" autowire="byType">
     	<property name="brandName" value="Redmi" />
     	<property name="modelName" value="Note 7 Pro" />
     	<property name="price" value="14000" />
     </bean>  
     
     <bean id="display" class="com.capgemini.springcore.beans.MobileDisplayBean">
     	<property name="displaySize" value="30" />
     	<property name="resolution" value="5.5" />
     </bean>
       
</beans>       