<?xml version="1.0" encoding="UTF-8"?>
<beans xmlns="http://www.springframework.org/schema/beans"
    xmlns:xsi="http://www.w3.org/2001/XMLSchema-instance"
    xsi:schemaLocation="
        http://www.springframework.org/schema/beans http://www.springframework.org/schema/beans/spring-beans.xsd">
     <bean id="sports" class="com.capgemini.springcore.annotations.beans.Sports">
     	<property name="name" value="Cricket" />
     	<property name="totalPlayers" value="11" />
     	<property name="teamInfo">
     		<map>
     			<entry key="India" value="Kohli" />
     			<entry key="Pakistan" value="Sarfaraz" />
     			<entry key="Australia" value="Arron Finch" />
     		</map>
     	</property>
     </bean>   
</beans>